{"stats":{"minecraft:killed":{"minecraft:zombie":1,"minecraft:spider":1},"minecraft:picked_up":{"minecraft:crafting_table":3,"minecraft:raw_iron":2,"minecraft:andesite":6,"minecraft:torch":1,"minecraft:oak_log":6,"minecraft:dirt":1,"minecraft:string":1,"minecraft:rotten_flesh":1,"minecraft:coal":32,"minecraft:cobblestone":23,"minecraft:furnace":1},"minecraft:mined":{"minecraft:furnace":1,"minecraft:iron_ore":2,"minecraft:andesite":6,"minecraft:crafting_table":3,"minecraft:oak_log":6,"minecraft:coal_ore":33,"minecraft:dirt":1,"minecraft:cobblestone":3,"minecraft:stone":20,"minecraft:wall_torch":1},"minecraft:crafted":{"minecraft:oak_planks":24,"minecraft:crafting_table":1,"minecraft:stick":20,"minecraft:iron_ingot":2,"minecraft:wooden_pickaxe":1,"minecraft:stone_pickaxe":1,"minecraft:wooden_axe":1,"minecraft:furnace":1,"minecraft:torch":4,"minecraft:stone_axe":1,"minecraft:air":0},"minecraft:used":{"minecraft:wooden_axe":1,"minecraft:stone_pickaxe":54,"minecraft:wooden_pickaxe":11,"minecraft:rotten_flesh":1,"minecraft:stone_axe":8,"minecraft:torch":1,"minecraft:cobblestone":8,"minecraft:crafting_table":3,"minecraft:furnace":1,"minecraft:andesite":1},"minecraft:custom":{"minecraft:time_since_rest":11107,"minecraft:interact_with_furnace":3,"minecraft:sprint_one_cm":14398,"minecraft:damage_taken":125,"minecraft:walk_one_cm":28757,"minecraft:mob_kills":2,"minecraft:damage_dealt":450,"minecraft:interact_with_crafting_table":4,"minecraft:fly_one_cm":15726,"minecraft:play_time":11107,"minecraft:jump":140,"minecraft:time_since_death":11107,"minecraft:total_world_time":11107,"minecraft:fall_one_cm":3372}},"DataVersion":3465}