{"stats":{"minecraft:picked_up":{"minecraft:crafting_table":3,"minecraft:coarse_dirt":3,"alexsmobs:acacia_blossom":1,"minecraft:acacia_log":8,"minecraft:sand":2,"minecraft:dirt":9,"minecraft:cobblestone":16},"minecraft:killed_by":{"minecraft:player":1},"minecraft:mined":{"gravestone:gravestone":1,"minecraft:grass_block":2,"minecraft:acacia_log":7,"minecraft:coarse_dirt":4,"minecraft:acacia_leaves":1,"minecraft:sand":2,"minecraft:dirt":5,"minecraft:stone":16,"minecraft:crafting_table":2},"minecraft:crafted":{"minecraft:acacia_planks":8,"minecraft:stick":4,"minecraft:stone_pickaxe":1,"minecraft:wooden_pickaxe":1},"minecraft:used":{"minecraft:dirt":3,"minecraft:crafting_table":2,"minecraft:stone_pickaxe":10,"minecraft:wooden_pickaxe":7,"minecraft:coarse_dirt":3},"minecraft:custom":{"minecraft:time_since_rest":7730,"minecraft:crouch_one_cm":8,"minecraft:play_time":10437,"minecraft:sprint_one_cm":17577,"minecraft:walk_one_cm":27004,"minecraft:damage_taken":145,"minecraft:deaths":1,"minecraft:sneak_time":23,"minecraft:walk_under_water_one_cm":510,"minecraft:jump":145,"minecraft:walk_on_water_one_cm":898,"minecraft:time_since_death":7703,"minecraft:total_world_time":10437,"minecraft:interact_with_crafting_table":5,"minecraft:fall_one_cm":1848,"minecraft:fly_one_cm":9140}},"DataVersion":3465}