{"stats":{"minecraft:dropped":{"minecraft:crafting_table":1,"gravestone:obituary":2},"minecraft:picked_up":{"minecraft:raw_iron":8,"minecraft:coarse_dirt":10,"minecraft:crafting_table":2,"minecraft:acacia_log":6,"minecraft:oak_log":9,"gravestone:obituary":1,"minecraft:dirt":5,"minecraft:acacia_sapling":1,"minecraft:coal":7,"minecraft:cobblestone":33},"minecraft:killed_by":{"man:managgresive":1},"minecraft:mined":{"minecraft:acacia_leaves":5,"minecraft:iron_ore":8,"minecraft:crafting_table":2,"gravestone:gravestone":1,"minecraft:acacia_log":8,"minecraft:grass_block":4,"minecraft:oak_log":9,"minecraft:coal_ore":7,"minecraft:dirt":1,"minecraft:stone":33,"minecraft:oak_leaves":2},"minecraft:crafted":{"minecraft:oak_planks":36,"minecraft:crafting_table":2,"minecraft:stick":8,"minecraft:wooden_pickaxe":1,"minecraft:stone_pickaxe":1,"minecraft:wooden_axe":1,"minecraft:acacia_planks":24,"minecraft:stone_axe":1},"minecraft:used":{"minecraft:wooden_axe":12,"minecraft:stone_pickaxe":42,"minecraft:wooden_pickaxe":7,"minecraft:stone_axe":13,"minecraft:dirt":2,"minecraft:crafting_table":2,"alexsmobs:animal_dictionary":2,"minecraft:acacia_sapling":1,"minecraft:coarse_dirt":10},"minecraft:custom":{"minecraft:time_since_rest":8366,"minecraft:sprint_one_cm":18285,"minecraft:damage_taken":365,"minecraft:walk_one_cm":24429,"minecraft:drop":3,"minecraft:damage_dealt":275,"minecraft:interact_with_crafting_table":3,"minecraft:swim_one_cm":1794,"minecraft:fly_one_cm":13673,"minecraft:player_kills":1,"minecraft:crouch_one_cm":660,"minecraft:play_time":14363,"minecraft:deaths":1,"minecraft:sneak_time":251,"minecraft:walk_under_water_one_cm":749,"minecraft:jump":186,"minecraft:time_since_death":8328,"minecraft:walk_on_water_one_cm":1273,"minecraft:climb_one_cm":372,"minecraft:total_world_time":14363,"minecraft:fall_one_cm":3661}},"DataVersion":3465}