{"stats":{"minecraft:killed":{"minecraft:zombie":1},"minecraft:dropped":{"gravestone:obituary":1},"minecraft:picked_up":{"minecraft:coarse_dirt":3,"minecraft:crafting_table":1,"minecraft:acacia_log":1,"minecraft:oak_log":6,"minecraft:dirt":1,"minecraft:rotten_flesh":1,"minecraft:apple":1,"minecraft:oak_sapling":5,"minecraft:oak_planks":1,"minecraft:cobblestone":14},"minecraft:mined":{"minecraft:coarse_dirt":3,"minecraft:crafting_table":1,"gravestone:gravestone":1,"minecraft:grass_block":1,"minecraft:oak_log":6,"minecraft:dirt":1,"minecraft:stone":14,"minecraft:oak_leaves":1},"minecraft:crafted":{"minecraft:oak_planks":24,"minecraft:crafting_table":1,"minecraft:stick":12,"minecraft:wooden_pickaxe":1,"minecraft:stone_pickaxe":1,"minecraft:wooden_axe":1,"minecraft:stone_sword":1,"minecraft:acacia_planks":4,"minecraft:stone_axe":1},"minecraft:used":{"minecraft:wooden_pickaxe":14,"minecraft:stone_axe":1,"minecraft:crafting_table":1},"minecraft:custom":{"minecraft:time_since_rest":8072,"minecraft:sprint_one_cm":14501,"minecraft:damage_taken":70,"minecraft:walk_one_cm":27201,"minecraft:mob_kills":1,"minecraft:drop":1,"minecraft:damage_dealt":227,"minecraft:interact_with_crafting_table":4,"minecraft:fly_one_cm":10111,"minecraft:crouch_one_cm":196,"minecraft:play_time":20869,"minecraft:deaths":1,"minecraft:sneak_time":28,"minecraft:jump":151,"minecraft:time_since_death":8050,"minecraft:total_world_time":20869,"minecraft:fall_one_cm":1828}},"DataVersion":3465}