{"stats":{"minecraft:picked_up":{"minecraft:andesite":1,"minecraft:oak_log":6,"minecraft:oak_planks":3,"minecraft:cobblestone":7},"minecraft:mined":{"minecraft:oak_log":6,"minecraft:dirt":1,"minecraft:stone":7,"minecraft:oak_planks":4,"minecraft:oak_leaves":1},"minecraft:crafted":{"minecraft:oak_planks":24,"minecraft:stone_axe":1,"minecraft:stick":8,"minecraft:wooden_pickaxe":1,"minecraft:stone_pickaxe":1},"minecraft:used":{"minecraft:stone_axe":2,"minecraft:oak_planks":4,"minecraft:andesite":1,"minecraft:wooden_pickaxe":7},"minecraft:custom":{"minecraft:time_since_rest":7579,"minecraft:crouch_one_cm":811,"minecraft:play_time":7579,"minecraft:sprint_one_cm":19018,"minecraft:damage_taken":220,"minecraft:walk_one_cm":15229,"minecraft:sneak_time":331,"minecraft:walk_under_water_one_cm":348,"minecraft:jump":150,"minecraft:damage_dealt":25,"minecraft:time_since_death":7579,"minecraft:walk_on_water_one_cm":2517,"minecraft:total_world_time":7579,"minecraft:swim_one_cm":4315,"minecraft:interact_with_crafting_table":5,"minecraft:fall_one_cm":4051,"minecraft:fly_one_cm":22212}},"DataVersion":3465}