{
  "minecraft:recipes/decorations/crafting_table": {
    "criteria": {
      "unlock_right_away": "2024-06-24 05:03:35 +0000"
    },
    "done": true
  },
  "mowziesmobs:root": {
    "criteria": {
      "custom_test_name": "2024-06-24 05:03:35 +0000"
    },
    "done": true
  },
  "iceandfire:iceandfire/root": {
    "criteria": {
      "tick": "2024-06-24 05:03:35 +0000"
    },
    "done": true
  },
  "minecraft:adventure/adventuring_time": {
    "criteria": {
      "minecraft:beach": "2024-06-24 05:03:37 +0000",
      "minecraft:swamp": "2024-06-24 05:11:51 +0000",
      "minecraft:windswept_savanna": "2024-06-24 05:11:54 +0000"
    },
    "done": false
  },
  "DataVersion": 3465
}